{
  "beta": 0.3,
  "damping": 0.85,
  "force_factor": 900.0,
  "matrix": [
    0.16053032875061,
    -0.995204150676727,
    -0.962925553321838,
    0.373744964599609,
    -0.958734571933746,
    -0.122105956077576,
    0.864680171012878,
    0.395835280418396,
    -0.0895137786865234,
    0.760225892066956,
    0.520811319351196,
    0.725878953933716,
    0.514462351799011,
    0.697744369506836,
    -0.190477013587952,
    -0.148373425006866,
    0.584817886352539,
    -0.186810314655304,
    0.531570196151733,
    -0.974008738994598,
    -0.940157234668732,
    0.945544481277466,
    0.0799585580825806,
    0.0319305658340454,
    -0.878008484840393
  ],
  "name": "genesis",
  "num_particles": 2400,
  "num_species": 5,
  "rmax": 50.0,
  "seed": 7
}