{
  "beta": 0.3,
  "damping": 0.85,
  "force_factor": 900.0,
  "matrix": [
    -0.465111494064331,
    0.501320362091064,
    0.754830598831177,
    0.0112419128417969,
    0.431880474090576,
    0.49084198474884,
    0.531275749206543,
    0.17505407333374,
    0.0976835489273071,
    -0.482783615589142,
    0.598307132720947,
    -0.211750686168671,
    0.0662707090377808,
    0.885513782501221,
    -0.859952449798584,
    -0.577181816101074,
    0.541449666023254,
    0.743200182914734,
    -0.410723447799683,
    0.280026912689209,
    -0.248631715774536,
    -0.988201379776001,
    0.288472533226013,
    -0.227981090545654,
    0.827464818954468
  ],
  "name": "orbs",
  "num_particles": 2400,
  "num_species": 5,
  "rmax": 50.0,
  "seed": 7
}