{
  "beta": 0.3,
  "damping": 0.85,
  "force_factor": 900.0,
  "matrix": [
    0.893900513648987,
    0.647250771522522,
    0.950501084327698,
    -0.938156425952911,
    0.223088979721069,
    0.787071943283081,
    -0.848272681236267,
    0.613703846931458,
    0.311302781105042,
    -0.0492721796035767,
    -0.456792175769806,
    -0.449947655200958,
    -0.805699944496155,
    0.5555100440979,
    -0.616653203964233,
    -0.168030858039856,
    -0.772904634475708,
    0.0192030668258667,
    -0.444596111774445,
    -0.369783878326416,
    0.89962112903595,
    0.197631120681763,
    -0.360864162445068,
    0.402599096298218,
    0.332602262496948
  ],
  "name": "garden",
  "num_particles": 2400,
  "num_species": 5,
  "rmax": 50.0,
  "seed": 7
}