{
  "beta": 0.3,
  "damping": 0.85,
  "force_factor": 900.0,
  "matrix": [
    0.652771472930908,
    0.394269227981567,
    0.645734786987305,
    0.410641670227051,
    -0.332968354225159,
    -0.179295897483826,
    0.994397282600403,
    0.38369882106781,
    0.313536047935486,
    0.519630789756775,
    0.835345864295959,
    0.582510828971863,
    0.188294410705566,
    -0.788167595863342,
    0.251312136650085,
    0.27508556842804,
    0.710376143455505,
    0.696720480918884,
    0.183699369430542,
    -0.83204859495163,
    0.934216976165771,
    -0.721647024154663,
    0.86489999294281,
    0.923995733261108,
    0.0744619369506836
  ],
  "name": "symbiotes",
  "num_particles": 2400,
  "num_species": 5,
  "rmax": 50.0,
  "seed": 7
}