{
  "beta": 0.3,
  "damping": 0.85,
  "force_factor": 900.0,
  "matrix": [
    -0.455914676189423,
    0.803952097892761,
    -0.694736361503601,
    0.899829506874084,
    0.372451543807983,
    0.25216007232666,
    0.613025903701782,
    0.51241672039032,
    -0.776372253894806,
    0.502571582794189,
    0.213279962539673,
    -0.616655707359314,
    -0.035896897315979,
    0.301525831222534,
    -0.533138394355774,
    -0.540185213088989,
    0.649499654769897,
    -0.930982768535614,
    -0.476050496101379,
    -0.871311485767365,
    -0.40261572599411,
    -0.244643688201904,
    -0.410845935344696,
    -0.813084363937378,
    -0.178156733512878
  ],
  "name": "polymers",
  "num_particles": 2400,
  "num_species": 5,
  "rmax": 50.0,
  "seed": 7
}